<?xml version="1.0" encoding="UTF-8"?>
<beans:beans xmlns="http://www.springframework.org/schema/security"
  xmlns:beans="http://www.springframework.org/schema/beans"
  xmlns:xsi="http://www.w3.org/2001/XMLSchema-instance"
  xsi:schemaLocation="http://www.springframework.org/schema/beans
           http://www.springframework.org/schema/beans/spring-beans-3.0.xsd
           http://www.springframework.org/schema/security
           http://www.springframework.org/schema/security/spring-security.xsd">
           
           <http auto-config="true">
        <intercept-url pattern="/admin**" access="hasRole('ROLE_USER')" />
        <form-login 
		    login-page="/login" 
		    default-target-url="/welcome" 
			authentication-failure-url="/login?error" 
			username-parameter="username"
			password-parameter="password" />
		<logout logout-success-url="/login?logout" />
         
      <csrf/>
	</http>
      
        
        
   
<authentication-manager>
        <authentication-provider>
            <user-service>
                <user name="admin" password="pass@1234" authorities="ROLE_USER" />
            </user-service>
        </authentication-provider> 
 </authentication-manager>
           
           </beans:beans>